<?xml version="1.0" encoding="UTF-8"?>

<COMPONENT>
    <HEADER AUTHOR="Benoit Simard"
            COMPATIBILITY="ALL"
            DATA_AUTO_PROPAGATE="false"
            PLATEFORM="ALL"
            RELEASE_DATE="20160301"
            SERIAL=""
            STARTABLE="true"
            STATUS="ALPHA"
            VERSION="1.1">
        <SIGNATURE/>
    </HEADER>

    <FAMILIES>
        <FAMILY>Databases/Neo4j</FAMILY>
        <FAMILY>Big Data/Neo4j</FAMILY>
    </FAMILIES>

    <DOCUMENTATION>
        <URL/>
    </DOCUMENTATION>

    <CONNECTORS>
        <CONNECTOR CTYPE="FLOW"
                   MAX_INPUT="1"
                   MAX_OUTPUT="1"
                   MIN_INPUT="0"
                   MIN_OUTPUT="0" />
        <CONNECTOR CTYPE="ITERATE"
                   MAX_OUTPUT="1"
                   MAX_INPUT="1" />
        <CONNECTOR CTYPE="SUBJOB_OK"
                   MAX_INPUT="1" />
        <CONNECTOR CTYPE="SUBJOB_ERROR"
                   MAX_INPUT="1" />
        <CONNECTOR CTYPE="COMPONENT_OK"
                   MAX_INPUT="0"
                   MAX_OUTPUT="1"
                   MIN_INPUT="0"
                   MIN_OUTPUT="0" />
        <CONNECTOR CTYPE="COMPONENT_ERROR"
                   MAX_INPUT="0"
                   MAX_OUTPUT="1"
                   MIN_INPUT="0"
                   MIN_OUTPUT="0" />
        <CONNECTOR CTYPE="RUN_IF" />
    </CONNECTORS>

    <PARAMETERS>

        <PARAMETER NAME="CONNECTION"
                   FIELD="COMPONENT_LIST"
                   REQUIRED="true"
                   FILTER="tNeo4jBatchDatabaseConnection"
                   NUM_ROW="1"
                   GROUP="CONNECTION_GROUP"/>

        <PARAMETER NAME="RELATIONSHIP_TYPE"
                   FIELD="COLUMN_LIST"
                   REQUIRED="true"
                   GROUP="RELATIONSHIP_GROUP"
                   NUM_ROW="2">
        </PARAMETER>

        <PARAMETER NAME="RELATIONSHIP_DIRECTION"
                   FIELD="CLOSED_LIST"
                   REQUIRED="true"
                   GROUP="RELATIONSHIP_GROUP"
                   NUM_ROW="3">
            <ITEMS DEFAULT="OUTGOING">
                <ITEM NAME="OUTGOING" VALUE="OUTGOING" />
                <ITEM NAME="INCOMING" VALUE="INCOMING" />
            </ITEMS>
        </PARAMETER>

        <PARAMETER NAME="START_INDEX_NAME"
                   FIELD="COMPONENT_LIST"
                   FILTER="tNeo4jBatchDatabaseInsertNode"
                   REQUIRED="true"
                   NUM_ROW="5"
                   GROUP="START_NODE_GROUP" />

        <PARAMETER NAME="START_INDEX_FIELD"
                   FIELD="COLUMN_LIST"
                   REQUIRED="true"
                   NUM_ROW="6"
                   GROUP="START_NODE_GROUP" />


        <PARAMETER NAME="END_INDEX_NAME"
                   FIELD="COMPONENT_LIST"
                   FILTER="tNeo4jBatchDatabaseInsertNode"
                   REPOSITORY_VALUE="NEO4J_BATCH_INDEXNAME"
                   REQUIRED="true"
                   NUM_ROW="8"
                   GROUP="END_NODE_GROUP" />

        <PARAMETER NAME="END_INDEX_FIELD"
                   FIELD="COLUMN_LIST"
                   REQUIRED="true"
                   NUM_ROW="9"
                   GROUP="END_NODE_GROUP" />

    </PARAMETERS>


    <ADVANCED_PARAMETERS>

        <PARAMETER
                NAME="SKIP_ON_ERROR"
                FIELD="CHECK"
                REQUIRED="true"
                NUM_ROW="1">
            <DEFAULT>true</DEFAULT>
        </PARAMETER>

    </ADVANCED_PARAMETERS>

    <CODEGENERATION>
        <IMPORTS>
<IMPORT MODULE="org.neo4j.neo4j-unsafe-3.2.2.jar" NAME="org.neo4j.neo4j-unsafe-3.2.2" REQUIRED="true"/>
<IMPORT MODULE="org.neo4j.neo4j-ssl-3.2.2.jar" NAME="org.neo4j.neo4j-ssl-3.2.2" REQUIRED="true"/>
<IMPORT MODULE="org.neo4j.neo4j-resource-3.2.2.jar" NAME="org.neo4j.neo4j-resource-3.2.2" REQUIRED="true"/>
<IMPORT MODULE="org.neo4j.neo4j-primitive-collections-3.2.2.jar" NAME="org.neo4j.neo4j-primitive-collections-3.2.2" REQUIRED="true"/>
<IMPORT MODULE="org.neo4j.neo4j-lucene-upgrade-3.2.2.jar" NAME="org.neo4j.neo4j-lucene-upgrade-3.2.2" REQUIRED="true"/>
<IMPORT MODULE="org.neo4j.neo4j-lucene-index-3.2.2.jar" NAME="org.neo4j.neo4j-lucene-index-3.2.2" REQUIRED="true"/>
<IMPORT MODULE="org.neo4j.neo4j-logging-3.2.2.jar" NAME="org.neo4j.neo4j-logging-3.2.2" REQUIRED="true"/>
<IMPORT MODULE="org.neo4j.neo4j-kernel-3.2.2.jar" NAME="org.neo4j.neo4j-kernel-3.2.2" REQUIRED="true"/>
<IMPORT MODULE="org.neo4j.neo4j-io-3.2.2.jar" NAME="org.neo4j.neo4j-io-3.2.2" REQUIRED="true"/>
<IMPORT MODULE="org.neo4j.neo4j-index-3.2.2.jar" NAME="org.neo4j.neo4j-index-3.2.2" REQUIRED="true"/>
<IMPORT MODULE="org.neo4j.neo4j-import-tool-3.2.2.jar" NAME="org.neo4j.neo4j-import-tool-3.2.2" REQUIRED="true"/>
<IMPORT MODULE="org.neo4j.neo4j-graphdb-api-3.2.2.jar" NAME="org.neo4j.neo4j-graphdb-api-3.2.2" REQUIRED="true"/>
<IMPORT MODULE="org.neo4j.neo4j-csv-3.2.2.jar" NAME="org.neo4j.neo4j-csv-3.2.2" REQUIRED="true"/>
<IMPORT MODULE="org.neo4j.neo4j-configuration-3.2.2.jar" NAME="org.neo4j.neo4j-configuration-3.2.2" REQUIRED="true"/>
<IMPORT MODULE="org.neo4j.neo4j-common-3.2.2.jar" NAME="org.neo4j.neo4j-common-3.2.2" REQUIRED="true"/>
<IMPORT MODULE="org.neo4j.neo4j-collections-3.2.2.jar" NAME="org.neo4j.neo4j-collections-3.2.2" REQUIRED="true"/>
<IMPORT MODULE="org.bouncycastle.bcprov-jdk15on-1.53.jar" NAME="org.bouncycastle.bcprov-jdk15on-1.53" REQUIRED="true"/>
<IMPORT MODULE="org.bouncycastle.bcpkix-jdk15on-1.53.jar" NAME="org.bouncycastle.bcpkix-jdk15on-1.53" REQUIRED="true"/>
<IMPORT MODULE="org.apache.lucene.lucene-queryparser-5.5.0.jar" NAME="org.apache.lucene.lucene-queryparser-5.5.0" REQUIRED="true"/>
<IMPORT MODULE="org.apache.lucene.lucene-core-5.5.0.jar" NAME="org.apache.lucene.lucene-core-5.5.0" REQUIRED="true"/>
<IMPORT MODULE="org.apache.lucene.lucene-codecs-5.5.0.jar" NAME="org.apache.lucene.lucene-codecs-5.5.0" REQUIRED="true"/>
<IMPORT MODULE="org.apache.lucene.lucene-backward-codecs-5.5.0.jar" NAME="org.apache.lucene.lucene-backward-codecs-5.5.0" REQUIRED="true"/>
<IMPORT MODULE="org.apache.lucene.lucene-analyzers-common-5.5.0.jar" NAME="org.apache.lucene.lucene-analyzers-common-5.5.0" REQUIRED="true"/>
<IMPORT MODULE="org.apache.commons.commons-lang3-3.3.2.jar" NAME="org.apache.commons.commons-lang3-3.3.2" REQUIRED="true"/>
<IMPORT MODULE="neo4j-talend-component-1.1.jar" NAME="neo4j-talend-component-1.1" REQUIRED="true"/>
<IMPORT MODULE="io.netty.netty-all-4.1.8.Final.jar" NAME="io.netty.netty-all-4.1.8.Final" REQUIRED="true"/>

</IMPORTS>
    </CODEGENERATION>

    <RETURNS>
        <RETURN AVAILABILITY="AFTER" NAME="NB_LINE" TYPE="id_Integer" />
    </RETURNS>
</COMPONENT>
