<?xml version="1.0" encoding="UTF-8"?>

<COMPONENT>
    <HEADER AUTHOR="Benoit Simard"
            COMPATIBILITY="ALL"
            DATA_AUTO_PROPAGATE="false"
            PLATEFORM="ALL"
            RELEASE_DATE="20160301"
            SERIAL=""
            STARTABLE="true"
            STATUS="ALPHA"
            VERSION="1.0">
        <SIGNATURE/>
    </HEADER>

    <FAMILIES>
        <FAMILY>Databases/Neo4j</FAMILY>
        <FAMILY>Big Data/Neo4j</FAMILY>
    </FAMILIES>

    <DOCUMENTATION>
        <URL/>
    </DOCUMENTATION>

    <CONNECTORS>
        <CONNECTOR CTYPE="FLOW"
                   MAX_INPUT="1"
                   MAX_OUTPUT="1"
                   MIN_INPUT="0"
                   MIN_OUTPUT="0" />
        <CONNECTOR CTYPE="ITERATE"
                   MAX_OUTPUT="1"
                   MAX_INPUT="1" />
        <CONNECTOR CTYPE="SUBJOB_OK"
                   MAX_INPUT="1" />
        <CONNECTOR CTYPE="SUBJOB_ERROR"
                   MAX_INPUT="1" />
        <CONNECTOR CTYPE="COMPONENT_OK"
                   MAX_INPUT="0"
                   MAX_OUTPUT="1"
                   MIN_INPUT="0"
                   MIN_OUTPUT="0" />
        <CONNECTOR CTYPE="COMPONENT_ERROR"
                   MAX_INPUT="0"
                   MAX_OUTPUT="1"
                   MIN_INPUT="0"
                   MIN_OUTPUT="0" />
        <CONNECTOR CTYPE="RUN_IF" />
    </CONNECTORS>

    <PARAMETERS>
        <PARAMETER NAME="CONNECTION"
                   FIELD="COMPONENT_LIST"
                   REQUIRED="true"
                   FILTER="tNeo4jBatchDatabaseConnection"
                   NUM_ROW="1"
                   GROUP="CONNECTION_GROUP"/>

        <PARAMETER NAME="LABEL_FIELD"
                   FIELD="COLUMN_LIST"
                   NUM_ROW="2"
                   GROUP="SCHEMA_GROUP">
            <DEFAULT>"label"</DEFAULT>
        </PARAMETER>

        <PARAMETER NAME="IMPORT_INDEX_NAME"
                   FIELD="TEXT"
                   REPOSITORY_VALUE="NEO4J_BATCH_INDEXNAME"
                   REQUIRED="true"
                   NUM_ROW="3"
                   GROUP="IMPORT_INDEX_GROUP" >
            <DEFAULT>"ALL_NODE"</DEFAULT>
        </PARAMETER>

        <PARAMETER NAME="IMPORT_ID_FIELD"
                   FIELD="COLUMN_LIST"
                   REQUIRED="true"
                   NUM_ROW="4"
                   GROUP="IMPORT_INDEX_GROUP" />

        <PARAMETER
                NAME="INSERT_IMPORT_ID_FIELD"
                FIELD="CHECK"
                REQUIRED="true"
                NUM_ROW="5"
                GROUP="IMPORT_INDEX_GROUP" >
            <DEFAULT>true</DEFAULT>
        </PARAMETER>

        <PARAMETER NAME="IMPORT_INDEX_CACHE_SIZE"
                   FIELD="INTEGER"
                   NUM_ROW="6"
                   GROUP="IMPORT_INDEX_GROUP">
            <DEFAULT>0</DEFAULT>
        </PARAMETER>

    </PARAMETERS>

    <ADVANCED_PARAMETERS>
    </ADVANCED_PARAMETERS>

    <CODEGENERATION>
        <IMPORTS>
<IMPORT MODULE="scala-reflect-2.11.7.jar" NAME="scala-reflect-2.11.7" REQUIRED="true"/>
<IMPORT MODULE="scala-parser-combinators_2.11-1.0.4.jar" NAME="scala-parser-combinators_2.11-1.0.4" REQUIRED="true"/>
<IMPORT MODULE="scala-library-2.11.7.jar" NAME="scala-library-2.11.7" REQUIRED="true"/>
<IMPORT MODULE="parboiled-scala_2.11-1.1.7.jar" NAME="parboiled-scala_2.11-1.1.7" REQUIRED="true"/>
<IMPORT MODULE="parboiled-core-1.1.7.jar" NAME="parboiled-core-1.1.7" REQUIRED="true"/>
<IMPORT MODULE="opencsv-2.3.jar" NAME="opencsv-2.3" REQUIRED="true"/>
<IMPORT MODULE="neo4j-unsafe-2.3.3.jar" NAME="neo4j-unsafe-2.3.3" REQUIRED="true"/>
<IMPORT MODULE="neo4j-udc-2.3.3.jar" NAME="neo4j-udc-2.3.3" REQUIRED="true"/>
<IMPORT MODULE="neo4j-talend-component-1.0.jar" NAME="neo4j-talend-component-1.0" REQUIRED="true"/>
<IMPORT MODULE="neo4j-primitive-collections-2.3.3.jar" NAME="neo4j-primitive-collections-2.3.3" REQUIRED="true"/>
<IMPORT MODULE="neo4j-lucene-index-2.3.3.jar" NAME="neo4j-lucene-index-2.3.3" REQUIRED="true"/>
<IMPORT MODULE="neo4j-logging-2.3.3.jar" NAME="neo4j-logging-2.3.3" REQUIRED="true"/>
<IMPORT MODULE="neo4j-kernel-2.3.3.jar" NAME="neo4j-kernel-2.3.3" REQUIRED="true"/>
<IMPORT MODULE="neo4j-jmx-2.3.3.jar" NAME="neo4j-jmx-2.3.3" REQUIRED="true"/>
<IMPORT MODULE="neo4j-io-2.3.3.jar" NAME="neo4j-io-2.3.3" REQUIRED="true"/>
<IMPORT MODULE="neo4j-import-tool-2.3.3.jar" NAME="neo4j-import-tool-2.3.3" REQUIRED="true"/>
<IMPORT MODULE="neo4j-graph-matching-2.3.3.jar" NAME="neo4j-graph-matching-2.3.3" REQUIRED="true"/>
<IMPORT MODULE="neo4j-graph-algo-2.3.3.jar" NAME="neo4j-graph-algo-2.3.3" REQUIRED="true"/>
<IMPORT MODULE="neo4j-function-2.3.3.jar" NAME="neo4j-function-2.3.3" REQUIRED="true"/>
<IMPORT MODULE="neo4j-cypher-frontend-2.3-2.3.3.jar" NAME="neo4j-cypher-frontend-2.3-2.3.3" REQUIRED="true"/>
<IMPORT MODULE="neo4j-cypher-compiler-2.3-2.3.3.jar" NAME="neo4j-cypher-compiler-2.3-2.3.3" REQUIRED="true"/>
<IMPORT MODULE="neo4j-cypher-compiler-2.2_2.11-2.2.6.jar" NAME="neo4j-cypher-compiler-2.2_2.11-2.2.6" REQUIRED="true"/>
<IMPORT MODULE="neo4j-cypher-compiler-1.9_2.11-2.0.5.jar" NAME="neo4j-cypher-compiler-1.9_2.11-2.0.5" REQUIRED="true"/>
<IMPORT MODULE="neo4j-cypher-2.3.3.jar" NAME="neo4j-cypher-2.3.3" REQUIRED="true"/>
<IMPORT MODULE="neo4j-csv-2.3.3.jar" NAME="neo4j-csv-2.3.3" REQUIRED="true"/>
<IMPORT MODULE="neo4j-consistency-check-legacy-2.3.3.jar" NAME="neo4j-consistency-check-legacy-2.3.3" REQUIRED="true"/>
<IMPORT MODULE="neo4j-consistency-check-2.3.3.jar" NAME="neo4j-consistency-check-2.3.3" REQUIRED="true"/>
<IMPORT MODULE="neo4j-codegen-2.3.3.jar" NAME="neo4j-codegen-2.3.3" REQUIRED="true"/>
<IMPORT MODULE="neo4j-2.3.3.jar" NAME="neo4j-2.3.3" REQUIRED="true"/>
<IMPORT MODULE="lucene-core-3.6.2.jar" NAME="lucene-core-3.6.2" REQUIRED="true"/>
<IMPORT MODULE="concurrentlinkedhashmap-lru-1.4.2.jar" NAME="concurrentlinkedhashmap-lru-1.4.2" REQUIRED="true"/>
<IMPORT MODULE="commons-lang3-3.3.2.jar" NAME="commons-lang3-3.3.2" REQUIRED="true"/>
<IMPORT MODULE="asm-5.0.2.jar" NAME="asm-5.0.2" REQUIRED="true"/>

</IMPORTS>
    </CODEGENERATION>

    <RETURNS>
        <RETURN AVAILABILITY="AFTER" NAME="NB_LINE" TYPE="id_Integer"/>
    </RETURNS>

</COMPONENT>
